schedule,architecture,raw_uW,raw_tx_uW,compressed_uW,compressed_tx_uW,onbody_uW,onbody_tx_uW
default,centralized,2405,2365,102,62,102,62
default,"m=4, 1 SoC",2439,2365,136,62,136,62
default,"m=4, n=4 (5 SoC)",2515,2365,211,62,205,56
default,"m=4, n=2 (10 SoC)",2609,2365,306,62,298,54
default,"m=4, n=1 (19 SoC)",2778,2365,474,62,462,50
cont12L,centralized,18426,18314,4712,4600,4712,4600
cont12L,"m=4, 1 SoC",18600,18314,4885,4600,4885,4600
cont12L,"m=4, n=4 (5 SoC)",18676,18314,4962,4600,2905,2546
cont12L,"m=4, n=2 (10 SoC)",18777,18314,5063,4600,2475,2017
cont12L,"m=4, n=1 (19 SoC)",18939,18314,5225,4600,1070,433
contBSPM,centralized,144586,144029,36586,36029,34868,34314
contBSPM,"m=4, 1 SoC",145203,144029,37203,36029,35485,34314
contBSPM,"m=4, n=4 (5 SoC)",145204,144029,37204,36029,35408,34314
contBSPM,"m=4, n=2 (10 SoC)",145334,144029,37334,36029,35548,34314
contBSPM,"m=4, n=1 (19 SoC)",145547,144029,37547,36029,31795,30257
