m,n,nodes,SoCs,asbuilt_uW,spec_at_0_uW,max_floor_per_SoC_uW,afe_adc_uW,node_fixed_uW,node_off_uW,link_intra_uW,link_inter_uW,orch_floor_uW,orch_compute_uW,tx_uW,RR_uW,L12_uW,BSPM_uW
1,1,74,74,23967.832407667927,520.4038362393744,-0.19300926172381191,6.448157185185185,69.58333333333333,49.957837301587226,0.0,5.595176408686856,338.28571428571405,3.350760582010582,47.18285714285715,515.4684671999996,949.7976349949071,7148.203840201143
1,2,74,37,12074.054565262019,350.3402795477281,2.8314001166646046,6.448157185185185,69.58333333333333,49.957837301587226,2.0035000190476193,2.6709768408499053,169.14285714285705,3.350760582010582,47.18285714285715,345.9659556571427,723.2209565799861,6409.509299371885
1,4,74,19,6288.7303465977075,268.44463231199234,8.530987230610808,6.448157185185185,69.58333333333333,49.957837301587226,1.1294380095238097,1.5872223024685714,86.85714285714283,3.350760582010582,49.53074074074074,261.97449142857135,613.2057181520455,14193.231943167999
1,8,74,10,3404.4239697875537,235.85254121612525,18.490322114871237,6.448157185185185,69.58333333333333,49.957837301587226,1.913874838095238,0.08016527750095238,45.714285714285715,3.350760582010582,58.80412698412699,220.2373668571428,1825.8840378572802,15650.759847497142
1,all,74,1,517.1424128735449,200.28527001640205,209.80031098851856,6.448157185185185,69.58333333333333,49.957837301587226,4.797562566666667,0.0,4.571428571428571,3.350760582010582,61.576190476190476,181.63287588571424,2211.6155757714287,15924.722194285714
2,1,37,37,12007.85595149449,284.1416657801997,4.083806323077304,3.541101746031746,35.41170634920635,24.95308366402116,0.0,0.559299153215619,169.14285714285705,3.350760582010582,47.18285714285715,279.6528468757942,692.1182274371289,5893.841847029029
2,2,37,19,6225.386194241188,205.1004799554726,10.864719159535218,3.541101746031746,35.41170634920635,24.95308366402116,0.968150542857143,0.3938781295466667,86.85714285714283,3.350760582010582,49.62465608465609,198.28904825124565,604.2230043304227,13996.182072159087
2,4,37,10,3337.444315999873,168.8728874284445,23.178897880008883,3.541101746031746,35.41170634920635,24.95308366402116,1.4635014428571427,0.13014105172495236,45.714285714285715,3.350760582010582,54.30830687830688,157.60953546166857,1169.4305192218333,14800.05032239543
2,8,37,5,1732.7882876524834,148.50257336676927,49.209639728652306,3.541101746031746,35.41170634920635,24.95308366402116,2.3688386095238094,0.15041574930895238,22.857142857142858,3.350760582010582,55.869523809523805,135.60995983652572,1368.837776441929,15095.014721828573
2,all,37,1,451.30765249365083,134.45050963650795,255.88464325444446,3.541101746031746,35.41170634920635,24.95308366402116,1.0462382476190477,0.0,4.571428571428571,3.350760582010582,61.576190476190476,115.78800091428569,2172.6953746285717,15247.64117577143
3,1,25,25,8143.500078818457,222.07150738988187,7.781997793083307,3.541101746031746,35.233134920634924,16.389095568783073,0.0,0.2574939375009524,114.28571428571423,3.350760582010582,49.014206349206354,216.2232772754285,578.3904660209371,11735.694022933943
3,2,25,13,4287.95343504657,168.810577903713,17.833276574415454,3.541101746031746,35.233134920634924,16.389095568783073,0.6961767095238095,0.17141948784,59.42857142857142,3.350760582010582,50.00031746031746,162.02067606674288,523.3535796779885,14955.931737965717
3,4,25,7,2364.4637827016436,146.46378270164368,35.35362172983564,3.541101746031746,35.233134920634924,16.389095568783073,1.4335579380952383,0.11390972386590476,32.0,3.350760582010582,54.40222222222222,135.3092239798857,1127.5492949274333,14871.702463634289
3,8,25,4,1402.4871136643187,135.05854223574704,63.86475510874426,3.541101746031746,35.233134920634924,16.389095568783073,0.8449146285714286,0.07699510717561904,18.285714285714285,3.350760582010582,57.3368253968254,120.928192,1541.210655433289,14868.639484342859
3,all,25,1,442.47894274126986,125.621799884127,262.0647400811111,3.541101746031746,35.233134920634924,16.389095568783073,0.9600880190476191,0.0,4.571428571428571,3.350760582010582,61.576190476190476,107.21390628571429,2137.157997714286,15006.235988114286
4,1,19,19,6211.184126615463,190.898412329749,11.387953229956615,3.541101746031746,35.20337301587302,12.104621362433864,0.0,0.31067202551619044,86.85714285714283,3.350760582010582,49.53074074074074,184.50899156114284,556.1829250091886,13346.172765110856
4,2,19,10,3323.8114259203794,155.23999734895088,24.133200185573436,3.541101746031746,35.20337301587302,12.104621362433864,0.7966836285714287,0.1269490775222857,45.714285714285715,3.350760582010582,54.40222222222222,144.0977357824,1137.743273491895,14804.260804754287
4,4,19,5,1718.010668742747,133.72495445703265,51.27850637601542,3.541101746031746,35.20337301587302,12.104621362433864,0.7447967523809524,0.053634331635809517,22.857142857142858,3.350760582010582,55.869523809523805,121.14725485714284,1322.978008166985,14745.738992640001
4,8,19,3,1078.1762042628254,127.60477569139661,86.89221900534079,3.541101746031746,35.20337301587302,12.104621362433864,0.8797358285714286,0.006770458063238095,13.714285714285715,3.350760582010582,58.80412698412699,112.07104914285715,1738.449552041107,14763.545931337143
4,all,19,1,438.13137411587303,121.27423125873017,265.1080381188889,3.541101746031746,35.20337301587302,12.104621362433864,0.9267555047619048,0.0,4.571428571428571,3.350760582010582,61.576190476190476,102.928192,2128.2381165714287,14899.401680457146
8,1,10,10,3320.570650324206,151.99922175277715,24.3600544773056,3.541101746031746,34.801587301587304,5.692791005291006,0.0,0.09456841944380952,45.714285714285715,3.350760582010582,58.80412698412699,136.9427458048,1702.2789910001377,14604.053737325716
8,2,10,5,1717.2618149848636,132.97610069914919,51.38334590211911,3.541101746031746,34.801587301587304,5.692791005291006,1.0648038761904763,0.09172285470476188,22.857142857142858,3.350760582010582,61.576190476190476,115.08361806994286,2088.3395254857146,14593.361806628574
8,4,10,3,1074.3718606920636,123.80043212063492,87.77989917185184,3.541101746031746,34.801587301587304,5.692791005291006,1.1068591904761904,0.01685610476190476,13.714285714285715,3.350760582010582,61.576190476190476,105.92241371428571,2077.091437714286,14584.297450057144
8,8,10,2,750.1587155475719,116.4444298332861,134.24444955834986,3.541101746031746,34.801587301587304,5.692791005291006,1.1084656285714287,0.0027394428099047612,9.142857142857142,3.350760582010582,58.80412698412699,101.35098514285714,1671.4166903246266,14582.718910902859
8,all,10,1,431.7349899015873,114.87784704444445,269.5855070688889,3.541101746031746,34.801587301587304,5.692791005291006,1.343987361904762,0.0,4.571428571428571,3.350760582010582,61.576190476190476,96.8648704,2084.5674971428575,14644.849111771431
16,1,5,5,1706.7666163628771,122.48090207716284,52.8526737091972,3.541101746031746,34.657738095238095,2.127356150793651,0.0,0.07727883642209524,22.857142857142858,3.350760582010582,55.869523809523805,110.51582519881143,1237.225800359936,14420.782112914287
16,2,5,3,1066.8653866584132,116.2939580869843,89.53140977970365,3.541101746031746,34.657738095238095,2.127356150793651,0.0751819238095238,0.023406890687999993,13.714285714285715,3.350760582010582,58.80412698412699,101.37296805595427,1651.2519232827983,14471.219589851431
16,4,5,2,749.324821271217,115.61053555693123,134.53631255507406,3.541101746031746,34.657738095238095,2.127356150793651,1.2093150952380953,0.005216268571428572,9.142857142857142,3.350760582010582,61.576190476190476,97.9075273142857,2047.6397750857147,14485.930067382858
16,8,5,1,427.97443723121694,111.11729437407406,272.21789393814817,3.541101746031746,34.657738095238095,2.127356150793651,1.2927187523809525,0.0,4.571428571428571,3.350760582010582,61.576190476190476,93.33609874285715,2053.5171840000003,14500.802154057144
16,all,5,1,427.97443723121694,111.11729437407406,272.21789393814817,3.541101746031746,34.657738095238095,2.127356150793651,1.2927187523809525,0.0,4.571428571428571,3.350760582010582,61.576190476190476,93.33609874285715,2053.5171840000003,14500.802154057144
N,1,1,1,404.13015425925926,87.27301140211641,288.9088920185185,3.4889174867724866,14.285714285714285,0.0,0.0,0.0,4.571428571428571,3.350760582010582,61.576190476190476,70.07109485714285,1954.968758857143,14282.350738285715
N,2,1,1,404.13015425925926,87.27301140211641,288.9088920185185,3.4889174867724866,14.285714285714285,0.0,0.0,0.0,4.571428571428571,3.350760582010582,61.576190476190476,70.07109485714285,1954.968758857143,14282.350738285715
N,4,1,1,404.13015425925926,87.27301140211641,288.9088920185185,3.4889174867724866,14.285714285714285,0.0,0.0,0.0,4.571428571428571,3.350760582010582,61.576190476190476,70.07109485714285,1954.968758857143,14282.350738285715
N,8,1,1,404.13015425925926,87.27301140211641,288.9088920185185,3.4889174867724866,14.285714285714285,0.0,0.0,0.0,4.571428571428571,3.350760582010582,61.576190476190476,70.07109485714285,1954.968758857143,14282.350738285715
N,all,1,1,404.13015425925926,87.27301140211641,288.9088920185185,3.4889174867724866,14.285714285714285,0.0,0.0,0.0,4.571428571428571,3.350760582010582,61.576190476190476,70.07109485714285,1954.968758857143,14282.350738285715
