buf_ratio,,T_s,S_kB,winner,power_uW,predicted,centralized_uW
1.0,0,1,8,none fit (centralized streams),4708.683044571429,none fit (centralized streams),4708.683044571429
1.0,1,1,12,"m=4, n=4",2358.568958551772,"m=4, n=4",4709.254473142858
1.0,2,1,16,centralized,2122.397330285715,centralized,2122.397330285715
1.0,3,1,24,centralized,2123.540187428572,centralized,2123.540187428572
1.0,4,1,32,centralized,2124.683044571429,centralized,2124.683044571429
1.0,5,1,48,centralized,2126.9687588571433,centralized,2126.9687588571433
1.0,6,1,64,centralized,2129.2544731428575,centralized,2129.2544731428575
1.0,7,1,96,centralized,2133.8259017142864,centralized,2133.8259017142864
1.0,8,1,128,centralized,2138.397330285715,centralized,2138.397330285715
1.0,9,1,192,centralized,2147.540187428572,centralized,2147.540187428572
1.0,10,1,256,centralized,2156.683044571429,centralized,2156.683044571429
1.0,11,2,8,none fit (centralized streams),4708.683044571429,none fit (centralized streams),4708.683044571429
1.0,12,2,12,"m=4, n=1",1718.809587072,"m=4, n=1",4709.254473142858
1.0,13,2,16,"m=4, n=4",1483.0915483501715,"m=4, n=4",4709.825901714286
1.0,14,2,24,centralized,1245.8259017142857,centralized,1245.8259017142857
1.0,15,2,32,centralized,1246.9687588571428,centralized,1246.9687588571428
1.0,16,2,48,centralized,1249.2544731428573,centralized,1249.2544731428573
1.0,17,2,64,centralized,1251.5401874285715,centralized,1251.5401874285715
1.0,18,2,96,centralized,1256.111616,centralized,1256.111616
1.0,19,2,128,centralized,1260.6830445714286,centralized,1260.6830445714286
1.0,20,2,192,centralized,1269.8259017142857,centralized,1269.8259017142857
1.0,21,2,256,centralized,1278.968758857143,centralized,1278.968758857143
1.0,22,3,8,none fit (centralized streams),4708.683044571429,none fit (centralized streams),4708.683044571429
1.0,23,3,12,"m=4, n=1",3208.135875285334,"m=4, n=1",4709.254473142858
1.0,24,3,16,"m=4, n=1",1436.8309583908574,"m=4, n=1",4709.825901714286
1.0,25,3,24,"m=4, n=4",1196.0276497115428,"m=4, n=4",4710.968758857144
1.0,26,3,32,centralized,954.3973302857145,centralized,954.3973302857145
1.0,27,3,48,centralized,956.6830445714286,centralized,956.6830445714286
1.0,28,3,64,centralized,958.9687588571429,centralized,958.9687588571429
1.0,29,3,96,centralized,963.5401874285715,centralized,963.5401874285715
1.0,30,3,128,centralized,968.111616,centralized,968.111616
1.0,31,3,192,centralized,977.2544731428573,centralized,977.2544731428573
1.0,32,3,256,centralized,986.3973302857144,centralized,986.3973302857144
1.0,33,4,8,none fit (centralized streams),4708.683044571429,none fit (centralized streams),4708.683044571429
1.0,34,4,12,"m=4, n=1",3159.318223378287,"m=4, n=1",4709.254473142858
1.0,35,4,16,"m=4, n=1",1290.4130726217145,"m=4, n=1",4709.825901714286
1.0,36,4,24,"m=4, n=4",1049.6385575350857,"m=4, n=4",4710.968758857144
1.0,37,4,32,"m=4, n=8",1019.6040713654859,"m=4, n=8",4712.111616000001
1.0,38,4,48,centralized,810.3973302857144,centralized,810.3973302857144
1.0,39,4,64,centralized,812.6830445714287,centralized,812.6830445714287
1.0,40,4,96,centralized,817.2544731428573,centralized,817.2544731428573
1.0,41,4,128,centralized,821.8259017142858,centralized,821.8259017142858
1.0,42,4,192,centralized,830.968758857143,centralized,830.968758857143
1.0,43,4,256,centralized,840.111616,centralized,840.111616
1.0,44,5,8,none fit (centralized streams),4708.683044571429,none fit (centralized streams),4708.683044571429
1.0,45,5,12,none fit (centralized streams),4709.254473142858,none fit (centralized streams),4709.254473142858
1.0,46,5,16,"m=4, n=1",3140.8847750912005,"m=4, n=1",4709.825901714286
1.0,47,5,24,"m=4, n=2",1053.2746192610743,"m=4, n=2",4710.968758857144
1.0,48,5,32,"m=4, n=4",967.5193879434972,"m=4, n=4",4712.111616000001
1.0,49,5,48,centralized,722.6259017142858,centralized,722.6259017142858
1.0,50,5,64,centralized,724.9116160000001,centralized,724.9116160000001
1.0,51,5,96,centralized,729.4830445714286,centralized,729.4830445714286
1.0,52,5,128,centralized,734.0544731428572,centralized,734.0544731428572
1.0,53,5,192,centralized,743.1973302857144,centralized,743.1973302857144
1.0,54,5,256,centralized,752.3401874285714,centralized,752.3401874285714
1.0,55,7,8,none fit (centralized streams),4708.683044571429,none fit (centralized streams),4708.683044571429
1.0,56,7,12,none fit (centralized streams),4709.254473142858,none fit (centralized streams),4709.254473142858
1.0,57,7,16,"m=4, n=1",3107.409813783511,"m=4, n=1",4709.825901714286
1.0,58,7,24,"m=4, n=1",1123.8757909185306,"m=4, n=1",4710.968758857144
1.0,59,7,32,"m=4, n=2",964.2664818787265,"m=4, n=2",4712.111616000001
1.0,60,7,48,"m=4, n=4",878.5668675939265,"m=4, n=4",4714.397330285715
1.0,61,7,64,centralized,624.6014119183674,centralized,624.6014119183674
1.0,62,7,96,centralized,629.1728404897959,centralized,629.1728404897959
1.0,63,7,128,centralized,633.7442690612245,centralized,633.7442690612245
1.0,64,7,192,centralized,642.8871262040817,centralized,642.8871262040817
1.0,65,7,256,centralized,652.0299833469387,centralized,652.0299833469387
1.0,66,10,8,none fit (centralized streams),4708.683044571429,none fit (centralized streams),4708.683044571429
1.0,67,10,12,none fit (centralized streams),4709.254473142858,none fit (centralized streams),4709.254473142858
1.0,68,10,16,none fit (centralized streams),4709.825901714286,none fit (centralized streams),4709.825901714286
1.0,69,10,24,"m=4, n=1",3104.017878517029,"m=4, n=1",4710.968758857144
1.0,70,10,32,"m=4, n=1",1070.2894496658287,"m=4, n=1",4712.111616000001
1.0,71,10,48,"m=4, n=4",803.2810487603201,"m=4, n=4",4714.397330285715
1.0,72,10,64,"m=4, n=4",814.7096201888914,"m=4, n=4",4716.6830445714295
1.0,73,10,96,centralized,553.9401874285716,centralized,553.9401874285716
1.0,74,10,128,centralized,558.5116160000001,centralized,558.5116160000001
1.0,75,10,192,centralized,567.6544731428572,centralized,567.6544731428572
1.0,76,10,256,centralized,576.7973302857143,centralized,576.7973302857143
1.0,77,14,8,none fit (centralized streams),4708.683044571429,none fit (centralized streams),4708.683044571429
1.0,78,14,12,none fit (centralized streams),4709.254473142858,none fit (centralized streams),4709.254473142858
1.0,79,14,16,none fit (centralized streams),4709.825901714286,none fit (centralized streams),4709.825901714286
1.0,80,14,24,"m=4, n=1",3087.2803978631837,"m=4, n=1",4710.968758857144
1.0,81,14,32,"m=4, n=1",3108.9946835774695,"m=4, n=1",4712.111616000001
1.0,82,14,48,"m=4, n=1",1063.5176031164083,"m=4, n=1",4714.397330285715
1.0,83,14,64,"m=4, n=4",764.5190742998204,"m=4, n=4",4716.6830445714295
1.0,84,14,96,"m=4, n=8",733.3746257125878,"m=4, n=8",4721.254473142858
1.0,85,14,128,centralized,508.35651395918376,centralized,508.35651395918376
1.0,86,14,192,centralized,517.4993711020409,centralized,517.4993711020409
1.0,87,14,256,centralized,526.6422282448981,centralized,526.6422282448981
1.0,88,20,8,none fit (centralized streams),4708.683044571429,none fit (centralized streams),4708.683044571429
1.0,89,20,12,none fit (centralized streams),4709.254473142858,none fit (centralized streams),4709.254473142858
1.0,90,20,16,none fit (centralized streams),4709.825901714286,none fit (centralized streams),4709.825901714286
1.0,91,20,24,none fit (centralized streams),4710.968758857144,none fit (centralized streams),4710.968758857144
1.0,92,20,32,"m=4, n=1",3096.4415730870865,"m=4, n=1",4712.111616000001
1.0,93,20,48,"m=4, n=1",1025.8672896329147,"m=4, n=1",4714.397330285715
1.0,94,20,64,"m=4, n=1",1069.2958610614858,"m=4, n=1",4716.6830445714295
1.0,95,20,96,"m=4, n=4",749.7333077401601,"m=4, n=4",4721.254473142858
1.0,96,20,128,"m=4, n=8",709.4499493770971,"m=4, n=8",4725.825901714287
1.0,97,20,192,centralized,479.8830445714286,centralized,479.8830445714286
1.0,98,20,256,centralized,489.02590171428574,centralized,489.02590171428574
1.0,99,30,8,none fit (centralized streams),4708.683044571429,none fit (centralized streams),4708.683044571429
1.0,100,30,12,none fit (centralized streams),4709.254473142858,none fit (centralized streams),4709.254473142858
1.0,101,30,16,none fit (centralized streams),4709.825901714286,none fit (centralized streams),4709.825901714286
1.0,102,30,24,none fit (centralized streams),4710.968758857144,none fit (centralized streams),4710.968758857144
1.0,103,30,32,none fit (centralized streams),4712.111616000001,none fit (centralized streams),4712.111616000001
1.0,104,30,48,"m=4, n=1",3130.1066141342485,"m=4, n=1",4714.397330285715
1.0,105,30,64,"m=4, n=1",3173.535185562819,"m=4, n=1",4716.6830445714295
1.0,106,30,96,"m=4, n=1",1126.8694267648002,"m=4, n=1",4721.254473142858
1.0,107,30,128,"m=4, n=4",743.3126321620114,"m=4, n=4",4725.825901714287
1.0,108,30,192,"m=4, n=8",707.6037725447314,"m=4, n=8",4734.968758857144
1.0,109,30,256,centralized,459.76875885714287,centralized,459.76875885714287
2.5,0,1,8,none fit (centralized streams),4708.683044571429,none fit (centralized streams),4708.683044571429
2.5,1,1,12,centralized,2121.825901714286,centralized,2121.825901714286
2.5,2,1,16,centralized,2122.397330285715,centralized,2122.397330285715
2.5,3,1,24,centralized,2123.540187428572,centralized,2123.540187428572
2.5,4,1,32,centralized,2124.683044571429,centralized,2124.683044571429
2.5,5,1,48,centralized,2126.9687588571433,centralized,2126.9687588571433
2.5,6,1,64,centralized,2129.2544731428575,centralized,2129.2544731428575
2.5,7,1,96,centralized,2133.8259017142864,centralized,2133.8259017142864
2.5,8,1,128,centralized,2138.397330285715,centralized,2138.397330285715
2.5,9,1,192,centralized,2147.540187428572,centralized,2147.540187428572
2.5,10,1,256,centralized,2156.683044571429,centralized,2156.683044571429
2.5,11,2,8,none fit (centralized streams),4708.683044571429,none fit (centralized streams),4708.683044571429
2.5,12,2,12,"m=4, n=4",1480.2344054930286,"m=4, n=4",4709.254473142858
2.5,13,2,16,centralized,1244.6830445714288,centralized,1244.6830445714288
2.5,14,2,24,centralized,1245.8259017142857,centralized,1245.8259017142857
2.5,15,2,32,centralized,1246.9687588571428,centralized,1246.9687588571428
2.5,16,2,48,centralized,1249.2544731428573,centralized,1249.2544731428573
2.5,17,2,64,centralized,1251.5401874285715,centralized,1251.5401874285715
2.5,18,2,96,centralized,1256.111616,centralized,1256.111616
2.5,19,2,128,centralized,1260.6830445714286,centralized,1260.6830445714286
2.5,20,2,192,centralized,1269.8259017142857,centralized,1269.8259017142857
2.5,21,2,256,centralized,1278.968758857143,centralized,1278.968758857143
2.5,22,3,8,none fit (centralized streams),4708.683044571429,none fit (centralized streams),4708.683044571429
2.5,23,3,12,"m=4, n=2",1270.4840826770287,"m=4, n=2",4709.254473142858
2.5,24,3,16,"m=4, n=8",1159.1206698130286,"m=4, n=8",4709.825901714286
2.5,25,3,24,centralized,953.2544731428573,centralized,953.2544731428573
2.5,26,3,32,centralized,954.3973302857145,centralized,954.3973302857145
2.5,27,3,48,centralized,956.6830445714286,centralized,956.6830445714286
2.5,28,3,64,centralized,958.9687588571429,centralized,958.9687588571429
2.5,29,3,96,centralized,963.5401874285715,centralized,963.5401874285715
2.5,30,3,128,centralized,968.111616,centralized,968.111616
2.5,31,3,192,centralized,977.2544731428573,centralized,977.2544731428573
2.5,32,3,256,centralized,986.3973302857144,centralized,986.3973302857144
2.5,33,4,8,none fit (centralized streams),4708.683044571429,none fit (centralized streams),4708.683044571429
2.5,34,4,12,"m=4, n=1",1279.5559297645716,"m=4, n=1",4709.254473142858
2.5,35,4,16,"m=4, n=4",1043.9242718208002,"m=4, n=4",4709.825901714286
2.5,36,4,24,centralized,806.9687588571429,centralized,806.9687588571429
2.5,37,4,32,centralized,808.1116160000001,centralized,808.1116160000001
2.5,38,4,48,centralized,810.3973302857144,centralized,810.3973302857144
2.5,39,4,64,centralized,812.6830445714287,centralized,812.6830445714287
2.5,40,4,96,centralized,817.2544731428573,centralized,817.2544731428573
2.5,41,4,128,centralized,821.8259017142858,centralized,821.8259017142858
2.5,42,4,192,centralized,830.968758857143,centralized,830.968758857143
2.5,43,4,256,centralized,840.111616,centralized,840.111616
2.5,44,5,8,none fit (centralized streams),4708.683044571429,none fit (centralized streams),4708.683044571429
2.5,45,5,12,"m=4, n=1",1191.7051983030858,"m=4, n=1",4709.254473142858
2.5,46,5,16,"m=4, n=4",956.0908165149257,"m=4, n=4",4709.825901714286
2.5,47,5,24,centralized,719.1973302857143,centralized,719.1973302857143
2.5,48,5,32,centralized,720.3401874285714,centralized,720.3401874285714
2.5,49,5,48,centralized,722.6259017142858,centralized,722.6259017142858
2.5,50,5,64,centralized,724.9116160000001,centralized,724.9116160000001
2.5,51,5,96,centralized,729.4830445714286,centralized,729.4830445714286
2.5,52,5,128,centralized,734.0544731428572,centralized,734.0544731428572
2.5,53,5,192,centralized,743.1973302857144,centralized,743.1973302857144
2.5,54,5,256,centralized,752.3401874285714,centralized,752.3401874285714
2.5,55,7,8,none fit (centralized streams),4708.683044571429,none fit (centralized streams),4708.683044571429
2.5,56,7,12,"m=4, n=1",3096.552670926368,"m=4, n=1",4709.254473142858
2.5,57,7,16,"m=4, n=1",1102.161505204245,"m=4, n=1",4709.825901714286
2.5,58,7,24,"m=4, n=4",861.4240104510694,"m=4, n=4",4710.968758857144
2.5,59,7,32,centralized,620.0299833469388,centralized,620.0299833469388
2.5,60,7,48,centralized,622.315697632653,centralized,622.315697632653
2.5,61,7,64,centralized,624.6014119183674,centralized,624.6014119183674
2.5,62,7,96,centralized,629.1728404897959,centralized,629.1728404897959
2.5,63,7,128,centralized,633.7442690612245,centralized,633.7442690612245
2.5,64,7,192,centralized,642.8871262040817,centralized,642.8871262040817
2.5,65,7,256,centralized,652.0299833469387,centralized,652.0299833469387
2.5,66,10,8,none fit (centralized streams),4708.683044571429,none fit (centralized streams),4708.683044571429
2.5,67,10,12,"m=4, n=1",3071.4464499456008,"m=4, n=1",4709.254473142858
2.5,68,10,16,"m=4, n=1",1026.8608782372573,"m=4, n=1",4709.825901714286
2.5,69,10,24,"m=4, n=4",786.1381916174629,"m=4, n=4",4710.968758857144
2.5,70,10,32,"m=4, n=8",756.1313370170515,"m=4, n=8",4712.111616000001
2.5,71,10,48,centralized,547.0830445714287,centralized,547.0830445714287
2.5,72,10,64,centralized,549.368758857143,centralized,549.368758857143
2.5,73,10,96,centralized,553.9401874285716,centralized,553.9401874285716
2.5,74,10,128,centralized,558.5116160000001,centralized,558.5116160000001
2.5,75,10,192,centralized,567.6544731428572,centralized,567.6544731428572
2.5,76,10,256,centralized,576.7973302857143,centralized,576.7973302857143
2.5,77,14,8,none fit (centralized streams),4708.683044571429,none fit (centralized streams),4708.683044571429
2.5,78,14,12,none fit (centralized streams),4709.254473142858,none fit (centralized streams),4709.254473142858
2.5,79,14,16,"m=4, n=1",3065.5661121488984,"m=4, n=1",4709.825901714286
2.5,80,14,24,"m=4, n=1",998.3747459735512,"m=4, n=1",4710.968758857144
2.5,81,14,32,"m=4, n=4",741.6619314426775,"m=4, n=4",4712.111616000001
2.5,82,14,48,"m=4, n=8",712.8031971411592,"m=4, n=8",4714.397330285715
2.5,83,14,64,centralized,499.2136568163266,centralized,499.2136568163266
2.5,84,14,96,centralized,503.7850853877551,centralized,503.7850853877551
2.5,85,14,128,centralized,508.35651395918376,centralized,508.35651395918376
2.5,86,14,192,centralized,517.4993711020409,centralized,517.4993711020409
2.5,87,14,256,centralized,526.6422282448981,centralized,526.6422282448981
2.5,88,20,8,none fit (centralized streams),4708.683044571429,none fit (centralized streams),4708.683044571429
2.5,89,20,12,none fit (centralized streams),4709.254473142858,none fit (centralized streams),4709.254473142858
2.5,90,20,16,"m=4, n=1",3053.0130016585153,"m=4, n=1",4709.825901714286
2.5,91,20,24,"m=4, n=1",960.7244324900572,"m=4, n=1",4710.968758857144
2.5,92,20,32,"m=4, n=2",801.0568300609829,"m=4, n=2",4712.111616000001
2.5,93,20,48,"m=4, n=4",715.4475934544457,"m=4, n=4",4714.397330285715
2.5,94,20,64,"m=4, n=8",682.0213779485258,"m=4, n=8",4716.6830445714295
2.5,95,20,96,centralized,466.1687588571429,centralized,466.1687588571429
2.5,96,20,128,centralized,470.74018742857146,centralized,470.74018742857146
2.5,97,20,192,centralized,479.8830445714286,centralized,479.8830445714286
2.5,98,20,256,centralized,489.02590171428574,centralized,489.02590171428574
2.5,99,30,8,none fit (centralized streams),4708.683044571429,none fit (centralized streams),4708.683044571429
2.5,100,30,12,none fit (centralized streams),4709.254473142858,none fit (centralized streams),4709.254473142858
2.5,101,30,16,none fit (centralized streams),4709.825901714286,none fit (centralized streams),4709.825901714286
2.5,102,30,24,"m=4, n=1",3064.963756991391,"m=4, n=1",4710.968758857144
2.5,103,30,32,"m=4, n=1",953.1551410505143,"m=4, n=1",4712.111616000001
2.5,104,30,48,"m=4, n=2",794.6199328482744,"m=4, n=2",4714.397330285715
2.5,105,30,64,"m=4, n=4",697.5983464477258,"m=4, n=4",4716.6830445714295
2.5,106,30,96,"m=4, n=8",666.4609154018743,"m=4, n=8",4721.254473142858
2.5,107,30,128,centralized,441.4830445714286,centralized,441.4830445714286
2.5,108,30,192,centralized,450.62590171428576,centralized,450.62590171428576
2.5,109,30,256,centralized,459.76875885714287,centralized,459.76875885714287
