N,architecture,sleepBSPM_uW,sleep_tx_uW,default_uW,bspm_onbody,pads_ok_16
52,centralized,7427.585804190477,7277.638095238096,100.05086570899472,0.0,False
52,"m=8, n=4",7534.794063238095,7277.638095238096,140.9941479582129,0.0,True
52,"m=4, n=4",1019.8979200000001,690.9714285714286,184.6714594634726,1.0,True
52,"m=4, n=4 (star)",1019.8979200000001,690.9714285714286,184.6714594634726,1.0,True
52,"m=4, n=1",1201.0675522706285,690.9714285714286,347.25942623555386,1.0,True
88,centralized,14384.324656761904,14134.780952380952,102.51827294708997,0.0,False
88,"m=8, n=4",14560.458386285714,14134.780952380952,168.26201478412702,0.0,True
88,"m=4, n=4",1847.8058886399997,1308.1142857142859,228.51261330360217,1.0,True
88,"m=4, n=4 (star)",1847.8058886399997,1308.1142857142859,228.51261330360217,1.0,True
88,"m=4, n=1",2214.2270461805715,1308.1142857142859,522.0006544920304,1.0,True
146,centralized,25592.403919238095,25182.4,106.49354016402117,0.0,False
146,"m=8, n=4",25895.777709714286,25182.4,211.60496461384383,0.0,True
146,"m=4, n=4",3213.062929645714,2302.4,315.8961086115175,1.0,True
146,"m=4, n=4 (star)",3213.062929645714,2302.4,315.8961086115175,1.0,True
146,"m=4, n=1",3844.9513535177143,2302.4,820.0769403905297,1.0,True
217,centralized,39312.6388784762,38706.20952380953,111.35981555026456,0.0,False
217,"m=8, n=4",39774.648198095245,38706.20952380953,259.3678708879272,0.0,True
217,"m=4, n=4",4864.595875474285,3519.5428571428574,405.015731995404,1.0,True
217,"m=4, n=4 (star)",4864.595875474285,3519.5428571428574,405.015731995404,1.0,True
217,"m=4, n=1",5831.871571737601,3519.5428571428574,1177.5464267123261,1.0,True
269,centralized,49361.26166552382,48610.971428571436,114.92384822751322,0.0,False
269,"m=8, n=4",49937.15676342858,48610.971428571436,307.63220060000003,0.0,True
269,"m=4, n=4",6072.653882270474,4410.971428571428,474.5285276115012,1.0,True
269,"m=4, n=4 (star)",6072.653882270474,4410.971428571428,474.5285276115012,1.0,True
269,"m=4, n=1",7326.192813289446,4410.971428571428,1435.3454820203274,1.0,True
