variant,m,n,intra,inter,sensor_nodes,areas,analog_total,analog_max_cm,intra_yarn,intra_bitm,intra_hops,intra_bridges,inter_yarn,inter_bitm,inter_hops,inter_bridges,leads_in_node,leads_in_area,leads_cross_area,nodes_local_lead
ML,1,1,star,star,74,74,0.0,0.0,0.0,0.0,0,0,20.61,20.61,73,73,0,0,12,0
ML,1,1,star,mesh,74,74,0.0,0.0,0.0,0.0,0,0,12.85,22.93,344,0,0,0,12,0
ML,1,1,bus,star,74,74,0.0,0.0,0.0,0.0,0,0,20.61,20.61,73,73,0,0,12,0
ML,1,1,bus,mesh,74,74,0.0,0.0,0.0,0.0,0,0,12.85,22.93,344,0,0,0,12,0
ML,1,1,mesh,star,74,74,0.0,0.0,0.0,0.0,0,0,20.61,20.61,73,73,0,0,12,0
ML,1,1,mesh,mesh,74,74,0.0,0.0,0.0,0.0,0,0,12.85,22.93,344,0,0,0,12,0
ML,1,2,star,star,74,37,0.0,0.0,2.74,2.74,37,37,10.33,10.33,36,36,0,0,12,0
ML,1,2,star,mesh,74,37,0.0,0.0,2.74,2.74,37,37,10.9,12.27,124,0,0,0,12,0
ML,1,2,bus,star,74,37,0.0,0.0,2.74,2.74,37,37,10.33,10.33,36,36,0,0,12,0
ML,1,2,bus,mesh,74,37,0.0,0.0,2.74,2.74,37,37,10.9,12.27,124,0,0,0,12,0
ML,1,2,mesh,star,74,37,0.0,0.0,2.74,2.74,37,37,10.33,10.33,36,36,0,0,12,0
ML,1,2,mesh,mesh,74,37,0.0,0.0,2.74,2.74,37,37,10.9,12.27,124,0,0,0,12,0
ML,1,4,star,star,74,19,0.0,0.0,4.34,4.34,55,55,5.81,5.81,18,18,0,0,12,0
ML,1,4,star,mesh,74,19,0.0,0.0,4.34,4.34,55,55,7.95,7.16,49,0,0,0,12,0
ML,1,4,bus,star,74,19,0.0,0.0,5.41,15.53,55,19,5.81,5.81,18,18,0,0,12,0
ML,1,4,bus,mesh,74,19,0.0,0.0,5.41,15.53,55,19,7.95,7.16,49,0,0,0,12,0
ML,1,4,mesh,star,74,19,0.0,0.0,11.23,4.34,55,0,5.81,5.81,18,18,0,0,12,0
ML,1,4,mesh,mesh,74,19,0.0,0.0,11.23,4.34,55,0,7.95,7.16,49,0,0,0,12,0
ML,1,8,star,star,74,10,0.0,0.0,6.77,6.77,64,64,3.19,3.19,9,9,0,0,12,0
ML,1,8,star,mesh,74,10,0.0,0.0,6.77,6.77,64,64,6.04,3.5,15,0,0,0,12,0
ML,1,8,bus,star,74,10,0.0,0.0,6.47,41.27,64,10,3.19,3.19,9,9,0,0,12,0
ML,1,8,bus,mesh,74,10,0.0,0.0,6.47,41.27,64,10,6.04,3.5,15,0,0,0,12,0
ML,1,8,mesh,star,74,10,0.0,0.0,16.34,7.18,91,1,3.19,3.19,9,9,0,0,12,0
ML,1,8,mesh,mesh,74,10,0.0,0.0,16.34,7.18,91,1,6.04,3.5,15,0,0,0,12,0
ML,1,all,star,star,74,1,0.0,0.0,20.57,20.57,73,73,0.0,0.0,0,0,0,12,0,0
ML,1,all,star,mesh,74,1,0.0,0.0,20.57,20.57,73,73,0.0,0.0,0,0,0,12,0,0
ML,1,all,bus,star,74,1,0.0,0.0,5.57,406.83,73,1,0.0,0.0,0,0,0,12,0,0
ML,1,all,bus,mesh,74,1,0.0,0.0,5.57,406.83,73,1,0.0,0.0,0,0,0,12,0,0
ML,1,all,mesh,star,74,1,0.0,0.0,12.85,26.79,462,0,0.0,0.0,0,0,0,12,0,0
ML,1,all,mesh,mesh,74,1,0.0,0.0,12.85,26.79,462,0,0.0,0.0,0,0,0,12,0,0
ML,2,1,star,star,37,37,2.74,25.0,0.0,0.0,0,0,10.33,10.33,36,36,0,0,12,29
ML,2,1,star,mesh,37,37,2.74,25.0,0.0,0.0,0,0,10.9,12.27,124,0,0,0,12,29
ML,2,1,bus,star,37,37,2.74,25.0,0.0,0.0,0,0,10.33,10.33,36,36,0,0,12,29
ML,2,1,bus,mesh,37,37,2.74,25.0,0.0,0.0,0,0,10.9,12.27,124,0,0,0,12,29
ML,2,1,mesh,star,37,37,2.74,25.0,0.0,0.0,0,0,10.33,10.33,36,36,0,0,12,29
ML,2,1,mesh,mesh,37,37,2.74,25.0,0.0,0.0,0,0,10.9,12.27,124,0,0,0,12,29
ML,2,2,star,star,37,19,2.74,25.0,1.8,1.8,18,18,5.65,5.65,18,18,0,0,12,29
ML,2,2,star,mesh,37,19,2.74,25.0,1.8,1.8,18,18,7.59,6.89,43,0,0,0,12,29
ML,2,2,bus,star,37,19,2.74,25.0,1.8,1.8,18,18,5.65,5.65,18,18,0,0,12,29
ML,2,2,bus,mesh,37,19,2.74,25.0,1.8,1.8,18,18,7.59,6.89,43,0,0,0,12,29
ML,2,2,mesh,star,37,19,2.74,25.0,1.8,1.8,18,18,5.65,5.65,18,18,0,0,12,29
ML,2,2,mesh,mesh,37,19,2.74,25.0,1.8,1.8,18,18,7.59,6.89,43,0,0,0,12,29
ML,2,4,star,star,37,10,2.74,25.0,2.99,2.99,27,27,2.9,2.9,9,9,0,0,12,29
ML,2,4,star,mesh,37,10,2.74,25.0,2.99,2.99,27,27,5.34,3.01,14,0,0,0,12,29
ML,2,4,bus,star,37,10,2.74,25.0,4.1,11.57,27,10,2.9,2.9,9,9,0,0,12,29
ML,2,4,bus,mesh,37,10,2.74,25.0,4.1,11.57,27,10,5.34,3.01,14,0,0,0,12,29
ML,2,4,mesh,star,37,10,2.74,25.0,7.85,2.99,27,1,2.9,2.9,9,9,0,0,12,29
ML,2,4,mesh,mesh,37,10,2.74,25.0,7.85,2.99,27,1,5.34,3.01,14,0,0,0,12,29
ML,2,8,star,star,37,5,2.74,25.0,5.07,5.07,32,32,1.41,1.41,4,4,0,0,12,29
ML,2,8,star,mesh,37,5,2.74,25.0,5.07,5.07,32,32,4.34,1.41,4,0,0,0,12,29
ML,2,8,bus,star,37,5,2.74,25.0,4.6,30.14,32,5,1.41,1.41,4,4,0,0,12,29
ML,2,8,bus,mesh,37,5,2.74,25.0,4.6,30.14,32,5,4.34,1.41,4,0,0,0,12,29
ML,2,8,mesh,star,37,5,2.74,25.0,11.52,5.64,44,1,1.41,1.41,4,4,0,0,12,29
ML,2,8,mesh,mesh,37,5,2.74,25.0,11.52,5.64,44,1,4.34,1.41,4,0,0,0,12,29
ML,2,all,star,star,37,1,2.74,25.0,10.33,10.33,36,36,0.0,0.0,0,0,0,12,0,29
ML,2,all,star,mesh,37,1,2.74,25.0,10.33,10.33,36,36,0.0,0.0,0,0,0,12,0,29
ML,2,all,bus,star,37,1,2.74,25.0,4.4,158.57,36,1,0.0,0.0,0,0,0,12,0,29
ML,2,all,bus,mesh,37,1,2.74,25.0,4.4,158.57,36,1,0.0,0.0,0,0,0,12,0,29
ML,2,all,mesh,star,37,1,2.74,25.0,10.9,12.27,124,0,0.0,0.0,0,0,0,12,0,29
ML,2,all,mesh,mesh,37,1,2.74,25.0,10.9,12.27,124,0,0.0,0.0,0,0,0,12,0,29
ML,3,1,star,star,25,25,3.46,13.0,0.0,0.0,0,0,7.34,7.34,24,24,0,0,12,24
ML,3,1,star,mesh,25,25,3.46,13.0,0.0,0.0,0,0,8.7,7.86,64,0,0,0,12,24
ML,3,1,bus,star,25,25,3.46,13.0,0.0,0.0,0,0,7.34,7.34,24,24,0,0,12,24
ML,3,1,bus,mesh,25,25,3.46,13.0,0.0,0.0,0,0,8.7,7.86,64,0,0,0,12,24
ML,3,1,mesh,star,25,25,3.46,13.0,0.0,0.0,0,0,7.34,7.34,24,24,0,0,12,24
ML,3,1,mesh,mesh,25,25,3.46,13.0,0.0,0.0,0,0,8.7,7.86,64,0,0,0,12,24
ML,3,2,star,star,25,13,3.46,13.0,1.3,1.3,12,12,3.43,3.43,12,12,0,0,12,24
ML,3,2,star,mesh,25,13,3.46,13.0,1.3,1.3,12,12,6.17,3.99,24,0,0,0,12,24
ML,3,2,bus,star,25,13,3.46,13.0,1.3,1.3,12,12,3.43,3.43,12,12,0,0,12,24
ML,3,2,bus,mesh,25,13,3.46,13.0,1.3,1.3,12,12,6.17,3.99,24,0,0,0,12,24
ML,3,2,mesh,star,25,13,3.46,13.0,1.3,1.3,12,12,3.43,3.43,12,12,0,0,12,24
ML,3,2,mesh,mesh,25,13,3.46,13.0,1.3,1.3,12,12,6.17,3.99,24,0,0,0,12,24
ML,3,4,star,star,25,7,3.46,13.0,2.11,2.11,18,18,2.01,2.01,6,6,0,0,12,24
ML,3,4,star,mesh,25,7,3.46,13.0,2.11,2.11,18,18,5.1,2.1,8,0,0,0,12,24
ML,3,4,bus,star,25,7,3.46,13.0,2.72,7.55,18,7,2.01,2.01,6,6,0,0,12,24
ML,3,4,bus,mesh,25,7,3.46,13.0,2.72,7.55,18,7,5.1,2.1,8,0,0,0,12,24
ML,3,4,mesh,star,25,7,3.46,13.0,5.3,2.11,18,1,2.01,2.01,6,6,0,0,12,24
ML,3,4,mesh,mesh,25,7,3.46,13.0,5.3,2.11,18,1,5.1,2.1,8,0,0,0,12,24
ML,3,8,star,star,25,4,3.46,13.0,3.61,3.61,21,21,1.21,1.21,3,3,0,0,12,24
ML,3,8,star,mesh,25,4,3.46,13.0,3.61,3.61,21,21,2.81,1.21,3,0,0,0,12,24
ML,3,8,bus,star,25,4,3.46,13.0,3.56,20.88,21,4,1.21,1.21,3,3,0,0,12,24
ML,3,8,bus,mesh,25,4,3.46,13.0,3.56,20.88,21,4,2.81,1.21,3,0,0,0,12,24
ML,3,8,mesh,star,25,4,3.46,13.0,9.74,3.74,28,0,1.21,1.21,3,3,0,0,12,24
ML,3,8,mesh,mesh,25,4,3.46,13.0,9.74,3.74,28,0,2.81,1.21,3,0,0,0,12,24
ML,3,all,star,star,25,1,3.46,13.0,7.17,7.17,24,24,0.0,0.0,0,0,0,12,0,24
ML,3,all,star,mesh,25,1,3.46,13.0,7.17,7.17,24,24,0.0,0.0,0,0,0,12,0,24
ML,3,all,bus,star,25,1,3.46,13.0,3.42,82.11,24,1,0.0,0.0,0,0,0,12,0,24
ML,3,all,bus,mesh,25,1,3.46,13.0,3.42,82.11,24,1,0.0,0.0,0,0,0,12,0,24
ML,3,all,mesh,star,25,1,3.46,13.0,8.7,8.22,71,0,0.0,0.0,0,0,0,12,0,24
ML,3,all,mesh,mesh,25,1,3.46,13.0,8.7,8.22,71,0,0.0,0.0,0,0,0,12,0,24
ML,4,1,star,star,19,19,4.34,16.6,0.0,0.0,0,0,5.81,5.81,18,18,0,0,12,19
ML,4,1,star,mesh,19,19,4.34,16.6,0.0,0.0,0,0,7.95,7.16,49,0,0,0,12,19
ML,4,1,bus,star,19,19,4.34,16.6,0.0,0.0,0,0,5.81,5.81,18,18,0,0,12,19
ML,4,1,bus,mesh,19,19,4.34,16.6,0.0,0.0,0,0,7.95,7.16,49,0,0,0,12,19
ML,4,1,mesh,star,19,19,4.34,16.6,0.0,0.0,0,0,5.81,5.81,18,18,0,0,12,19
ML,4,1,mesh,mesh,19,19,4.34,16.6,0.0,0.0,0,0,7.95,7.16,49,0,0,0,12,19
ML,4,2,star,star,19,10,4.34,16.6,1.48,1.48,9,9,3.13,3.13,9,9,0,0,12,19
ML,4,2,star,mesh,19,10,4.34,16.6,1.48,1.48,9,9,6.06,3.36,15,0,0,0,12,19
ML,4,2,bus,star,19,10,4.34,16.6,1.48,1.48,9,9,3.13,3.13,9,9,0,0,12,19
ML,4,2,bus,mesh,19,10,4.34,16.6,1.48,1.48,9,9,6.06,3.36,15,0,0,0,12,19
ML,4,2,mesh,star,19,10,4.34,16.6,1.48,1.48,9,9,3.13,3.13,9,9,0,0,12,19
ML,4,2,mesh,mesh,19,10,4.34,16.6,1.48,1.48,9,9,6.06,3.36,15,0,0,0,12,19
ML,4,4,star,star,19,5,4.34,16.6,2.34,2.34,14,14,1.26,1.26,4,4,0,0,12,19
ML,4,4,star,mesh,19,5,4.34,16.6,2.34,2.34,14,14,3.67,1.26,4,0,0,0,12,19
ML,4,4,bus,star,19,5,4.34,16.6,3.08,8.56,14,5,1.26,1.26,4,4,0,0,12,19
ML,4,4,bus,mesh,19,5,4.34,16.6,3.08,8.56,14,5,3.67,1.26,4,0,0,0,12,19
ML,4,4,mesh,star,19,5,4.34,16.6,5.77,2.34,14,0,1.26,1.26,4,4,0,0,12,19
ML,4,4,mesh,mesh,19,5,4.34,16.6,5.77,2.34,14,0,3.67,1.26,4,0,0,0,12,19
ML,4,8,star,star,19,3,4.34,16.6,3.04,3.04,16,16,0.77,0.77,2,2,0,1,11,19
ML,4,8,star,mesh,19,3,4.34,16.6,3.04,3.04,16,16,1.21,0.77,2,0,0,1,11,19
ML,4,8,bus,star,19,3,4.34,16.6,3.59,19.38,16,3,0.77,0.77,2,2,0,1,11,19
ML,4,8,bus,mesh,19,3,4.34,16.6,3.59,19.38,16,3,1.21,0.77,2,0,0,1,11,19
ML,4,8,mesh,star,19,3,4.34,16.6,8.85,3.24,21,0,0.77,0.77,2,2,0,1,11,19
ML,4,8,mesh,mesh,19,3,4.34,16.6,8.85,3.24,21,0,1.21,0.77,2,0,0,1,11,19
ML,4,all,star,star,19,1,4.34,16.6,5.54,5.54,18,18,0.0,0.0,0,0,0,12,0,19
ML,4,all,star,mesh,19,1,4.34,16.6,5.54,5.54,18,18,0.0,0.0,0,0,0,12,0,19
ML,4,all,bus,star,19,1,4.34,16.6,3.43,61.82,18,1,0.0,0.0,0,0,0,12,0,19
ML,4,all,bus,mesh,19,1,4.34,16.6,3.43,61.82,18,1,0.0,0.0,0,0,0,12,0,19
ML,4,all,mesh,star,19,1,4.34,16.6,7.95,6.99,47,0,0.0,0.0,0,0,0,12,0,19
ML,4,all,mesh,mesh,19,1,4.34,16.6,7.95,6.99,47,0,0.0,0.0,0,0,0,12,0,19
ML,8,1,star,star,10,10,6.77,25.0,0.0,0.0,0,0,3.19,3.19,9,9,0,0,12,10
ML,8,1,star,mesh,10,10,6.77,25.0,0.0,0.0,0,0,6.04,3.5,15,0,0,0,12,10
ML,8,1,bus,star,10,10,6.77,25.0,0.0,0.0,0,0,3.19,3.19,9,9,0,0,12,10
ML,8,1,bus,mesh,10,10,6.77,25.0,0.0,0.0,0,0,6.04,3.5,15,0,0,0,12,10
ML,8,1,mesh,star,10,10,6.77,25.0,0.0,0.0,0,0,3.19,3.19,9,9,0,0,12,10
ML,8,1,mesh,mesh,10,10,6.77,25.0,0.0,0.0,0,0,6.04,3.5,15,0,0,0,12,10
ML,8,2,star,star,10,5,6.77,25.0,1.17,1.17,5,5,1.55,1.55,4,4,0,0,12,10
ML,8,2,star,mesh,10,5,6.77,25.0,1.17,1.17,5,5,4.41,1.55,4,0,0,0,12,10
ML,8,2,bus,star,10,5,6.77,25.0,1.17,1.17,5,5,1.55,1.55,4,4,0,0,12,10
ML,8,2,bus,mesh,10,5,6.77,25.0,1.17,1.17,5,5,4.41,1.55,4,0,0,0,12,10
ML,8,2,mesh,star,10,5,6.77,25.0,1.17,1.17,5,5,1.55,1.55,4,4,0,0,12,10
ML,8,2,mesh,mesh,10,5,6.77,25.0,1.17,1.17,5,5,4.41,1.55,4,0,0,0,12,10
ML,8,4,star,star,10,3,6.77,25.0,1.64,1.64,7,7,0.94,0.94,2,2,0,1,11,10
ML,8,4,star,mesh,10,3,6.77,25.0,1.64,1.64,7,7,1.44,0.94,2,0,0,1,11,10
ML,8,4,bus,star,10,3,6.77,25.0,1.96,5.19,7,3,0.94,0.94,2,2,0,1,11,10
ML,8,4,bus,mesh,10,3,6.77,25.0,1.96,5.19,7,3,1.44,0.94,2,0,0,1,11,10
ML,8,4,mesh,star,10,3,6.77,25.0,3.68,1.64,7,1,0.94,0.94,2,2,0,1,11,10
ML,8,4,mesh,mesh,10,3,6.77,25.0,3.68,1.64,7,1,1.44,0.94,2,0,0,1,11,10
ML,8,8,star,star,10,2,6.77,25.0,2.21,2.21,8,8,0.33,0.33,1,1,0,1,11,10
ML,8,8,star,mesh,10,2,6.77,25.0,2.21,2.21,8,8,0.33,0.33,1,1,0,1,11,10
ML,8,8,bus,star,10,2,6.77,25.0,2.41,9.98,8,2,0.33,0.33,1,1,0,1,11,10
ML,8,8,bus,mesh,10,2,6.77,25.0,2.41,9.98,8,2,0.33,0.33,1,1,0,1,11,10
ML,8,8,mesh,star,10,2,6.77,25.0,5.6,2.21,9,0,0.33,0.33,1,1,0,1,11,10
ML,8,8,mesh,mesh,10,2,6.77,25.0,5.6,2.21,9,0,0.33,0.33,1,1,0,1,11,10
ML,8,all,star,star,10,1,6.77,25.0,3.04,3.04,9,9,0.0,0.0,0,0,0,12,0,10
ML,8,all,star,mesh,10,1,6.77,25.0,3.04,3.04,9,9,0.0,0.0,0,0,0,12,0,10
ML,8,all,bus,star,10,1,6.77,25.0,2.49,22.37,9,1,0.0,0.0,0,0,0,12,0,10
ML,8,all,bus,mesh,10,1,6.77,25.0,2.49,22.37,9,1,0.0,0.0,0,0,0,12,0,10
ML,8,all,mesh,star,10,1,6.77,25.0,6.04,3.48,14,0,0.0,0.0,0,0,0,12,0,10
ML,8,all,mesh,mesh,10,1,6.77,25.0,6.04,3.48,14,0,0.0,0.0,0,0,0,12,0,10
ML,16,1,star,star,5,5,10.18,46.0,0.0,0.0,0,0,1.43,1.43,4,4,0,0,12,5
ML,16,1,star,mesh,5,5,10.18,46.0,0.0,0.0,0,0,4.02,1.43,4,0,0,0,12,5
ML,16,1,bus,star,5,5,10.18,46.0,0.0,0.0,0,0,1.43,1.43,4,4,0,0,12,5
ML,16,1,bus,mesh,5,5,10.18,46.0,0.0,0.0,0,0,4.02,1.43,4,0,0,0,12,5
ML,16,1,mesh,star,5,5,10.18,46.0,0.0,0.0,0,0,1.43,1.43,4,4,0,0,12,5
ML,16,1,mesh,mesh,5,5,10.18,46.0,0.0,0.0,0,0,4.02,1.43,4,0,0,0,12,5
ML,16,2,star,star,5,3,10.18,46.0,0.61,0.61,2,2,0.9,0.9,2,2,0,1,11,5
ML,16,2,star,mesh,5,3,10.18,46.0,0.61,0.61,2,2,1.35,0.9,2,0,0,1,11,5
ML,16,2,bus,star,5,3,10.18,46.0,0.61,0.61,2,2,0.9,0.9,2,2,0,1,11,5
ML,16,2,bus,mesh,5,3,10.18,46.0,0.61,0.61,2,2,1.35,0.9,2,0,0,1,11,5
ML,16,2,mesh,star,5,3,10.18,46.0,0.61,0.61,2,2,0.9,0.9,2,2,0,1,11,5
ML,16,2,mesh,mesh,5,3,10.18,46.0,0.61,0.61,2,2,1.35,0.9,2,0,0,1,11,5
ML,16,4,star,star,5,2,10.18,46.0,0.76,0.76,3,3,0.67,0.67,1,1,0,12,0,5
ML,16,4,star,mesh,5,2,10.18,46.0,0.76,0.76,3,3,0.67,0.67,1,1,0,12,0,5
ML,16,4,bus,star,5,2,10.18,46.0,0.97,2.92,3,1,0.67,0.67,1,1,0,12,0,5
ML,16,4,bus,mesh,5,2,10.18,46.0,0.97,2.92,3,1,0.67,0.67,1,1,0,12,0,5
ML,16,4,mesh,star,5,2,10.18,46.0,1.87,0.76,3,0,0.67,0.67,1,1,0,12,0,5
ML,16,4,mesh,mesh,5,2,10.18,46.0,1.87,0.76,3,0,0.67,0.67,1,1,0,12,0,5
ML,16,8,star,star,5,1,10.18,46.0,1.38,1.38,4,4,0.0,0.0,0,0,0,12,0,5
ML,16,8,star,mesh,5,1,10.18,46.0,1.38,1.38,4,4,0.0,0.0,0,0,0,12,0,5
ML,16,8,bus,star,5,1,10.18,46.0,1.26,5.05,4,1,0.0,0.0,0,0,0,12,0,5
ML,16,8,bus,mesh,5,1,10.18,46.0,1.26,5.05,4,1,0.0,0.0,0,0,0,12,0,5
ML,16,8,mesh,star,5,1,10.18,46.0,4.02,1.38,4,0,0.0,0.0,0,0,0,12,0,5
ML,16,8,mesh,mesh,5,1,10.18,46.0,4.02,1.38,4,0,0.0,0.0,0,0,0,12,0,5
ML,16,all,star,star,5,1,10.18,46.0,1.38,1.38,4,4,0.0,0.0,0,0,0,12,0,5
ML,16,all,star,mesh,5,1,10.18,46.0,1.38,1.38,4,4,0.0,0.0,0,0,0,12,0,5
ML,16,all,bus,star,5,1,10.18,46.0,1.26,5.05,4,1,0.0,0.0,0,0,0,12,0,5
ML,16,all,bus,mesh,5,1,10.18,46.0,1.26,5.05,4,1,0.0,0.0,0,0,0,12,0,5
ML,16,all,mesh,star,5,1,10.18,46.0,4.02,1.38,4,0,0.0,0.0,0,0,0,12,0,5
ML,16,all,mesh,mesh,5,1,10.18,46.0,4.02,1.38,4,0,0.0,0.0,0,0,0,12,0,5
ML,N,1,star,star,1,1,20.57,69.8,0.0,0.0,0,0,0.0,0.0,0,0,12,0,0,1
ML,N,1,star,mesh,1,1,20.57,69.8,0.0,0.0,0,0,0.0,0.0,0,0,12,0,0,1
ML,N,1,bus,star,1,1,20.57,69.8,0.0,0.0,0,0,0.0,0.0,0,0,12,0,0,1
ML,N,1,bus,mesh,1,1,20.57,69.8,0.0,0.0,0,0,0.0,0.0,0,0,12,0,0,1
ML,N,1,mesh,star,1,1,20.57,69.8,0.0,0.0,0,0,0.0,0.0,0,0,12,0,0,1
ML,N,1,mesh,mesh,1,1,20.57,69.8,0.0,0.0,0,0,0.0,0.0,0,0,12,0,0,1
ML,N,2,star,star,1,1,20.57,69.8,0.0,0.0,0,0,0.0,0.0,0,0,12,0,0,1
ML,N,2,star,mesh,1,1,20.57,69.8,0.0,0.0,0,0,0.0,0.0,0,0,12,0,0,1
ML,N,2,bus,star,1,1,20.57,69.8,0.0,0.0,0,0,0.0,0.0,0,0,12,0,0,1
ML,N,2,bus,mesh,1,1,20.57,69.8,0.0,0.0,0,0,0.0,0.0,0,0,12,0,0,1
ML,N,2,mesh,star,1,1,20.57,69.8,0.0,0.0,0,0,0.0,0.0,0,0,12,0,0,1
ML,N,2,mesh,mesh,1,1,20.57,69.8,0.0,0.0,0,0,0.0,0.0,0,0,12,0,0,1
ML,N,4,star,star,1,1,20.57,69.8,0.0,0.0,0,0,0.0,0.0,0,0,12,0,0,1
ML,N,4,star,mesh,1,1,20.57,69.8,0.0,0.0,0,0,0.0,0.0,0,0,12,0,0,1
ML,N,4,bus,star,1,1,20.57,69.8,0.0,0.0,0,0,0.0,0.0,0,0,12,0,0,1
ML,N,4,bus,mesh,1,1,20.57,69.8,0.0,0.0,0,0,0.0,0.0,0,0,12,0,0,1
ML,N,4,mesh,star,1,1,20.57,69.8,0.0,0.0,0,0,0.0,0.0,0,0,12,0,0,1
ML,N,4,mesh,mesh,1,1,20.57,69.8,0.0,0.0,0,0,0.0,0.0,0,0,12,0,0,1
ML,N,8,star,star,1,1,20.57,69.8,0.0,0.0,0,0,0.0,0.0,0,0,12,0,0,1
ML,N,8,star,mesh,1,1,20.57,69.8,0.0,0.0,0,0,0.0,0.0,0,0,12,0,0,1
ML,N,8,bus,star,1,1,20.57,69.8,0.0,0.0,0,0,0.0,0.0,0,0,12,0,0,1
ML,N,8,bus,mesh,1,1,20.57,69.8,0.0,0.0,0,0,0.0,0.0,0,0,12,0,0,1
ML,N,8,mesh,star,1,1,20.57,69.8,0.0,0.0,0,0,0.0,0.0,0,0,12,0,0,1
ML,N,8,mesh,mesh,1,1,20.57,69.8,0.0,0.0,0,0,0.0,0.0,0,0,12,0,0,1
ML,N,all,star,star,1,1,20.57,69.8,0.0,0.0,0,0,0.0,0.0,0,0,12,0,0,1
ML,N,all,star,mesh,1,1,20.57,69.8,0.0,0.0,0,0,0.0,0.0,0,0,12,0,0,1
ML,N,all,bus,star,1,1,20.57,69.8,0.0,0.0,0,0,0.0,0.0,0,0,12,0,0,1
ML,N,all,bus,mesh,1,1,20.57,69.8,0.0,0.0,0,0,0.0,0.0,0,0,12,0,0,1
ML,N,all,mesh,star,1,1,20.57,69.8,0.0,0.0,0,0,0.0,0.0,0,0,12,0,0,1
ML,N,all,mesh,mesh,1,1,20.57,69.8,0.0,0.0,0,0,0.0,0.0,0,0,12,0,0,1
SLV,1,1,star,star,74,74,0.0,0.0,0.0,0.0,0,0,21.84,21.84,73,73,0,0,12,0
SLV,1,1,star,mesh,74,74,0.0,0.0,0.0,0.0,0,0,16.15,25.01,340,0,0,0,12,0
SLV,1,1,bus,star,74,74,0.0,0.0,0.0,0.0,0,0,21.84,21.84,73,73,0,0,12,0
SLV,1,1,bus,mesh,74,74,0.0,0.0,0.0,0.0,0,0,16.15,25.01,340,0,0,0,12,0
SLV,1,1,mesh,star,74,74,0.0,0.0,0.0,0.0,0,0,21.84,21.84,73,73,0,0,12,0
SLV,1,1,mesh,mesh,74,74,0.0,0.0,0.0,0.0,0,0,16.15,25.01,340,0,0,0,12,0
SLV,1,2,star,star,74,37,0.0,0.0,2.74,2.74,37,37,11.2,11.2,36,36,0,0,12,0
SLV,1,2,star,mesh,74,37,0.0,0.0,2.74,2.74,37,37,11.86,14.06,132,0,0,0,12,0
SLV,1,2,bus,star,74,37,0.0,0.0,2.74,2.74,37,37,11.2,11.2,36,36,0,0,12,0
SLV,1,2,bus,mesh,74,37,0.0,0.0,2.74,2.74,37,37,11.86,14.06,132,0,0,0,12,0
SLV,1,2,mesh,star,74,37,0.0,0.0,2.74,2.74,37,37,11.2,11.2,36,36,0,0,12,0
SLV,1,2,mesh,mesh,74,37,0.0,0.0,2.74,2.74,37,37,11.86,14.06,132,0,0,0,12,0
SLV,1,4,star,star,74,19,0.0,0.0,4.71,4.71,55,55,6.0,6.0,18,18,0,0,12,0
SLV,1,4,star,mesh,74,19,0.0,0.0,4.71,4.71,55,55,10.47,6.63,42,0,0,0,12,0
SLV,1,4,bus,star,74,19,0.0,0.0,5.83,17.47,55,19,6.0,6.0,18,18,0,0,12,0
SLV,1,4,bus,mesh,74,19,0.0,0.0,5.83,17.47,55,19,10.47,6.63,42,0,0,0,12,0
SLV,1,4,mesh,star,74,19,0.0,0.0,12.58,4.71,55,1,6.0,6.0,18,18,0,0,12,0
SLV,1,4,mesh,mesh,74,19,0.0,0.0,12.58,4.71,55,1,10.47,6.63,42,0,0,0,12,0
SLV,1,8,star,star,74,10,0.0,0.0,7.23,7.23,64,64,3.17,3.17,9,9,0,0,12,0
SLV,1,8,star,mesh,74,10,0.0,0.0,7.23,7.23,64,64,6.49,3.48,14,0,0,0,12,0
SLV,1,8,bus,star,74,10,0.0,0.0,6.76,45.01,64,10,3.17,3.17,9,9,0,0,12,0
SLV,1,8,bus,mesh,74,10,0.0,0.0,6.76,45.01,64,10,6.49,3.48,14,0,0,0,12,0
SLV,1,8,mesh,star,74,10,0.0,0.0,18.08,8.1,92,0,3.17,3.17,9,9,0,0,12,0
SLV,1,8,mesh,mesh,74,10,0.0,0.0,18.08,8.1,92,0,6.49,3.48,14,0,0,0,12,0
SLV,1,all,star,star,74,1,0.0,0.0,21.8,21.8,73,73,0.0,0.0,0,0,0,12,0,0
SLV,1,all,star,mesh,74,1,0.0,0.0,21.8,21.8,73,73,0.0,0.0,0,0,0,12,0,0
SLV,1,all,bus,star,74,1,0.0,0.0,6.63,483.84,73,1,0.0,0.0,0,0,0,12,0,0
SLV,1,all,bus,mesh,74,1,0.0,0.0,6.63,483.84,73,1,0.0,0.0,0,0,0,12,0,0
SLV,1,all,mesh,star,74,1,0.0,0.0,16.15,29.06,465,0,0.0,0.0,0,0,0,12,0,0
SLV,1,all,mesh,mesh,74,1,0.0,0.0,16.15,29.06,465,0,0.0,0.0,0,0,0,12,0,0
SLV,2,1,star,star,37,37,2.74,14.6,0.0,0.0,0,0,11.2,11.2,36,36,0,0,12,28
SLV,2,1,star,mesh,37,37,2.74,14.6,0.0,0.0,0,0,11.86,14.06,132,0,0,0,12,28
SLV,2,1,bus,star,37,37,2.74,14.6,0.0,0.0,0,0,11.2,11.2,36,36,0,0,12,28
SLV,2,1,bus,mesh,37,37,2.74,14.6,0.0,0.0,0,0,11.86,14.06,132,0,0,0,12,28
SLV,2,1,mesh,star,37,37,2.74,14.6,0.0,0.0,0,0,11.2,11.2,36,36,0,0,12,28
SLV,2,1,mesh,mesh,37,37,2.74,14.6,0.0,0.0,0,0,11.86,14.06,132,0,0,0,12,28
SLV,2,2,star,star,37,19,2.74,14.6,1.85,1.85,18,18,6.12,6.12,18,18,0,0,12,28
SLV,2,2,star,mesh,37,19,2.74,14.6,1.85,1.85,18,18,9.55,6.7,39,0,0,0,12,28
SLV,2,2,bus,star,37,19,2.74,14.6,1.85,1.85,18,18,6.12,6.12,18,18,0,0,12,28
SLV,2,2,bus,mesh,37,19,2.74,14.6,1.85,1.85,18,18,9.55,6.7,39,0,0,0,12,28
SLV,2,2,mesh,star,37,19,2.74,14.6,1.85,1.85,18,18,6.12,6.12,18,18,0,0,12,28
SLV,2,2,mesh,mesh,37,19,2.74,14.6,1.85,1.85,18,18,9.55,6.7,39,0,0,0,12,28
SLV,2,4,star,star,37,10,2.74,14.6,3.17,3.17,27,27,3.09,3.09,9,9,0,0,12,28
SLV,2,4,star,mesh,37,10,2.74,14.6,3.17,3.17,27,27,6.47,3.46,15,0,0,0,12,28
SLV,2,4,bus,star,37,10,2.74,14.6,3.7,11.09,27,9,3.09,3.09,9,9,0,0,12,28
SLV,2,4,bus,mesh,37,10,2.74,14.6,3.7,11.09,27,9,6.47,3.46,15,0,0,0,12,28
SLV,2,4,mesh,star,37,10,2.74,14.6,8.3,3.17,27,0,3.09,3.09,9,9,0,0,12,28
SLV,2,4,mesh,mesh,37,10,2.74,14.6,8.3,3.17,27,0,6.47,3.46,15,0,0,0,12,28
SLV,2,8,star,star,37,5,2.74,14.6,4.8,4.8,32,32,1.47,1.47,4,4,0,0,12,28
SLV,2,8,star,mesh,37,5,2.74,14.6,4.8,4.8,32,32,4.24,1.47,4,0,0,0,12,28
SLV,2,8,bus,star,37,5,2.74,14.6,4.32,28.45,32,5,1.47,1.47,4,4,0,0,12,28
SLV,2,8,bus,mesh,37,5,2.74,14.6,4.32,28.45,32,5,4.24,1.47,4,0,0,0,12,28
SLV,2,8,mesh,star,37,5,2.74,14.6,12.24,5.28,45,0,1.47,1.47,4,4,0,0,12,28
SLV,2,8,mesh,mesh,37,5,2.74,14.6,12.24,5.28,45,0,4.24,1.47,4,0,0,0,12,28
SLV,2,all,star,star,37,1,2.74,14.6,11.13,11.13,36,36,0.0,0.0,0,0,0,12,0,28
SLV,2,all,star,mesh,37,1,2.74,14.6,11.13,11.13,36,36,0.0,0.0,0,0,0,12,0,28
SLV,2,all,bus,star,37,1,2.74,14.6,4.64,167.1,36,1,0.0,0.0,0,0,0,12,0,28
SLV,2,all,bus,mesh,37,1,2.74,14.6,4.64,167.1,36,1,0.0,0.0,0,0,0,12,0,28
SLV,2,all,mesh,star,37,1,2.74,14.6,11.86,14.17,124,0,0.0,0.0,0,0,0,12,0,28
SLV,2,all,mesh,mesh,37,1,2.74,14.6,11.86,14.17,124,0,0.0,0.0,0,0,0,12,0,28
SLV,3,1,star,star,25,25,3.62,22.0,0.0,0.0,0,0,8.06,8.06,24,24,0,0,12,23
SLV,3,1,star,mesh,25,25,3.62,22.0,0.0,0.0,0,0,10.76,9.24,69,0,0,0,12,23
SLV,3,1,bus,star,25,25,3.62,22.0,0.0,0.0,0,0,8.06,8.06,24,24,0,0,12,23
SLV,3,1,bus,mesh,25,25,3.62,22.0,0.0,0.0,0,0,10.76,9.24,69,0,0,0,12,23
SLV,3,1,mesh,star,25,25,3.62,22.0,0.0,0.0,0,0,8.06,8.06,24,24,0,0,12,23
SLV,3,1,mesh,mesh,25,25,3.62,22.0,0.0,0.0,0,0,10.76,9.24,69,0,0,0,12,23
SLV,3,2,star,star,25,13,3.62,22.0,2.06,2.06,12,12,4.56,4.56,12,12,0,0,12,23
SLV,3,2,star,mesh,25,13,3.62,22.0,2.06,2.06,12,12,7.72,5.2,23,0,0,0,12,23
SLV,3,2,bus,star,25,13,3.62,22.0,2.06,2.06,12,12,4.56,4.56,12,12,0,0,12,23
SLV,3,2,bus,mesh,25,13,3.62,22.0,2.06,2.06,12,12,7.72,5.2,23,0,0,0,12,23
SLV,3,2,mesh,star,25,13,3.62,22.0,2.06,2.06,12,12,4.56,4.56,12,12,0,0,12,23
SLV,3,2,mesh,mesh,25,13,3.62,22.0,2.06,2.06,12,12,7.72,5.2,23,0,0,0,12,23
SLV,3,4,star,star,25,7,3.62,22.0,2.86,2.86,18,18,2.2,2.2,6,6,0,0,12,23
SLV,3,4,star,mesh,25,7,3.62,22.0,2.86,2.86,18,18,6.13,2.41,8,0,0,0,12,23
SLV,3,4,bus,star,25,7,3.62,22.0,3.41,10.22,18,6,2.2,2.2,6,6,0,0,12,23
SLV,3,4,bus,mesh,25,7,3.62,22.0,3.41,10.22,18,6,6.13,2.41,8,0,0,0,12,23
SLV,3,4,mesh,star,25,7,3.62,22.0,7.51,2.86,18,0,2.2,2.2,6,6,0,0,12,23
SLV,3,4,mesh,mesh,25,7,3.62,22.0,7.51,2.86,18,0,6.13,2.41,8,0,0,0,12,23
SLV,3,8,star,star,25,4,3.62,22.0,4.15,4.15,21,21,1.32,1.32,3,3,0,0,12,23
SLV,3,8,star,mesh,25,4,3.62,22.0,4.15,4.15,21,21,2.66,1.32,3,0,0,0,12,23
SLV,3,8,bus,star,25,4,3.62,22.0,4.24,22.66,21,4,1.32,1.32,3,3,0,0,12,23
SLV,3,8,bus,mesh,25,4,3.62,22.0,4.24,22.66,21,4,2.66,1.32,3,0,0,0,12,23
SLV,3,8,mesh,star,25,4,3.62,22.0,12.1,4.64,26,0,1.32,1.32,3,3,0,0,12,23
SLV,3,8,mesh,mesh,25,4,3.62,22.0,12.1,4.64,26,0,2.66,1.32,3,0,0,0,12,23
SLV,3,all,star,star,25,1,3.62,22.0,7.96,7.96,24,24,0.0,0.0,0,0,0,12,0,23
SLV,3,all,star,mesh,25,1,3.62,22.0,7.96,7.96,24,24,0.0,0.0,0,0,0,12,0,23
SLV,3,all,bus,star,25,1,3.62,22.0,4.56,109.34,24,1,0.0,0.0,0,0,0,12,0,23
SLV,3,all,bus,mesh,25,1,3.62,22.0,4.56,109.34,24,1,0.0,0.0,0,0,0,12,0,23
SLV,3,all,mesh,star,25,1,3.62,22.0,10.76,9.77,76,0,0.0,0.0,0,0,0,12,0,23
SLV,3,all,mesh,mesh,25,1,3.62,22.0,10.76,9.77,76,0,0.0,0.0,0,0,0,12,0,23
SLV,4,1,star,star,19,19,4.71,27.0,0.0,0.0,0,0,6.0,6.0,18,18,0,0,12,18
SLV,4,1,star,mesh,19,19,4.71,27.0,0.0,0.0,0,0,10.47,6.63,42,0,0,0,12,18
SLV,4,1,bus,star,19,19,4.71,27.0,0.0,0.0,0,0,6.0,6.0,18,18,0,0,12,18
SLV,4,1,bus,mesh,19,19,4.71,27.0,0.0,0.0,0,0,10.47,6.63,42,0,0,0,12,18
SLV,4,1,mesh,star,19,19,4.71,27.0,0.0,0.0,0,0,6.0,6.0,18,18,0,0,12,18
SLV,4,1,mesh,mesh,19,19,4.71,27.0,0.0,0.0,0,0,10.47,6.63,42,0,0,0,12,18
SLV,4,2,star,star,19,10,4.71,27.0,1.32,1.32,9,9,3.4,3.4,9,9,0,0,12,18
SLV,4,2,star,mesh,19,10,4.71,27.0,1.32,1.32,9,9,6.64,4.0,16,0,0,0,12,18
SLV,4,2,bus,star,19,10,4.71,27.0,1.32,1.32,9,9,3.4,3.4,9,9,0,0,12,18
SLV,4,2,bus,mesh,19,10,4.71,27.0,1.32,1.32,9,9,6.64,4.0,16,0,0,0,12,18
SLV,4,2,mesh,star,19,10,4.71,27.0,1.32,1.32,9,9,3.4,3.4,9,9,0,0,12,18
SLV,4,2,mesh,mesh,19,10,4.71,27.0,1.32,1.32,9,9,6.64,4.0,16,0,0,0,12,18
SLV,4,4,star,star,19,5,4.71,27.0,2.58,2.58,14,14,1.54,1.54,4,4,0,0,12,18
SLV,4,4,star,mesh,19,5,4.71,27.0,2.58,2.58,14,14,4.11,1.54,4,0,0,0,12,18
SLV,4,4,bus,star,19,5,4.71,27.0,2.83,8.02,14,5,1.54,1.54,4,4,0,0,12,18
SLV,4,4,bus,mesh,19,5,4.71,27.0,2.83,8.02,14,5,4.11,1.54,4,0,0,0,12,18
SLV,4,4,mesh,star,19,5,4.71,27.0,6.49,2.58,14,0,1.54,1.54,4,4,0,0,12,18
SLV,4,4,mesh,mesh,19,5,4.71,27.0,6.49,2.58,14,0,4.11,1.54,4,0,0,0,12,18
SLV,4,8,star,star,19,3,4.71,27.0,3.64,3.64,16,16,0.69,0.69,2,2,0,0,12,18
SLV,4,8,star,mesh,19,3,4.71,27.0,3.64,3.64,16,16,1.11,0.69,2,0,0,0,12,18
SLV,4,8,bus,star,19,3,4.71,27.0,3.5,20.58,16,3,0.69,0.69,2,2,0,0,12,18
SLV,4,8,bus,mesh,19,3,4.71,27.0,3.5,20.58,16,3,1.11,0.69,2,0,0,0,12,18
SLV,4,8,mesh,star,19,3,4.71,27.0,10.65,3.7,21,0,0.69,0.69,2,2,0,0,12,18
SLV,4,8,mesh,mesh,19,3,4.71,27.0,10.65,3.7,21,0,1.11,0.69,2,0,0,0,12,18
SLV,4,all,star,star,19,1,4.71,27.0,5.79,5.79,18,18,0.0,0.0,0,0,0,12,0,18
SLV,4,all,star,mesh,19,1,4.71,27.0,5.79,5.79,18,18,0.0,0.0,0,0,0,12,0,18
SLV,4,all,bus,star,19,1,4.71,27.0,4.01,72.15,18,1,0.0,0.0,0,0,0,12,0,18
SLV,4,all,bus,mesh,19,1,4.71,27.0,4.01,72.15,18,1,0.0,0.0,0,0,0,12,0,18
SLV,4,all,mesh,star,19,1,4.71,27.0,10.47,6.77,47,0,0.0,0.0,0,0,0,12,0,18
SLV,4,all,mesh,mesh,19,1,4.71,27.0,10.47,6.77,47,0,0.0,0.0,0,0,0,12,0,18
SLV,8,1,star,star,10,10,7.23,27.0,0.0,0.0,0,0,3.17,3.17,9,9,0,0,12,10
SLV,8,1,star,mesh,10,10,7.23,27.0,0.0,0.0,0,0,6.49,3.48,14,0,0,0,12,10
SLV,8,1,bus,star,10,10,7.23,27.0,0.0,0.0,0,0,3.17,3.17,9,9,0,0,12,10
SLV,8,1,bus,mesh,10,10,7.23,27.0,0.0,0.0,0,0,6.49,3.48,14,0,0,0,12,10
SLV,8,1,mesh,star,10,10,7.23,27.0,0.0,0.0,0,0,3.17,3.17,9,9,0,0,12,10
SLV,8,1,mesh,mesh,10,10,7.23,27.0,0.0,0.0,0,0,6.49,3.48,14,0,0,0,12,10
SLV,8,2,star,star,10,5,7.23,27.0,1.3,1.3,5,5,1.31,1.31,4,4,0,0,12,10
SLV,8,2,star,mesh,10,5,7.23,27.0,1.3,1.3,5,5,3.89,1.31,4,0,0,0,12,10
SLV,8,2,bus,star,10,5,7.23,27.0,1.3,1.3,5,5,1.31,1.31,4,4,0,0,12,10
SLV,8,2,bus,mesh,10,5,7.23,27.0,1.3,1.3,5,5,3.89,1.31,4,0,0,0,12,10
SLV,8,2,mesh,star,10,5,7.23,27.0,1.3,1.3,5,5,1.31,1.31,4,4,0,0,12,10
SLV,8,2,mesh,mesh,10,5,7.23,27.0,1.3,1.3,5,5,3.89,1.31,4,0,0,0,12,10
SLV,8,4,star,star,10,3,7.23,27.0,1.93,1.93,7,7,1.07,1.07,2,2,0,1,11,10
SLV,8,4,star,mesh,10,3,7.23,27.0,1.93,1.93,7,7,1.51,1.07,2,0,0,1,11,10
SLV,8,4,bus,star,10,3,7.23,27.0,1.98,4.93,7,3,1.07,1.07,2,2,0,1,11,10
SLV,8,4,bus,mesh,10,3,7.23,27.0,1.98,4.93,7,3,1.51,1.07,2,0,0,1,11,10
SLV,8,4,mesh,star,10,3,7.23,27.0,3.92,1.93,7,1,1.07,1.07,2,2,0,1,11,10
SLV,8,4,mesh,mesh,10,3,7.23,27.0,3.92,1.93,7,1,1.51,1.07,2,0,0,1,11,10
SLV,8,8,star,star,10,2,7.23,27.0,2.22,2.22,8,8,0.32,0.32,1,1,0,1,11,10
SLV,8,8,star,mesh,10,2,7.23,27.0,2.22,2.22,8,8,0.32,0.32,1,1,0,1,11,10
SLV,8,8,bus,star,10,2,7.23,27.0,2.78,11.55,8,2,0.32,0.32,1,1,0,1,11,10
SLV,8,8,bus,mesh,10,2,7.23,27.0,2.78,11.55,8,2,0.32,0.32,1,1,0,1,11,10
SLV,8,8,mesh,star,10,2,7.23,27.0,5.94,2.31,9,0,0.32,0.32,1,1,0,1,11,10
SLV,8,8,mesh,mesh,10,2,7.23,27.0,5.94,2.31,9,0,0.32,0.32,1,1,0,1,11,10
SLV,8,all,star,star,10,1,7.23,27.0,3.17,3.17,9,9,0.0,0.0,0,0,0,12,0,10
SLV,8,all,star,mesh,10,1,7.23,27.0,3.17,3.17,9,9,0.0,0.0,0,0,0,12,0,10
SLV,8,all,bus,star,10,1,7.23,27.0,2.6,23.44,9,1,0.0,0.0,0,0,0,12,0,10
SLV,8,all,bus,mesh,10,1,7.23,27.0,2.6,23.44,9,1,0.0,0.0,0,0,0,12,0,10
SLV,8,all,mesh,star,10,1,7.23,27.0,6.49,3.48,14,0,0.0,0.0,0,0,0,12,0,10
SLV,8,all,mesh,mesh,10,1,7.23,27.0,6.49,3.48,14,0,0.0,0.0,0,0,0,12,0,10
SLV,16,1,star,star,5,5,10.24,38.7,0.0,0.0,0,0,1.36,1.36,4,4,0,0,12,5
SLV,16,1,star,mesh,5,5,10.24,38.7,0.0,0.0,0,0,4.23,1.36,4,0,0,0,12,5
SLV,16,1,bus,star,5,5,10.24,38.7,0.0,0.0,0,0,1.36,1.36,4,4,0,0,12,5
SLV,16,1,bus,mesh,5,5,10.24,38.7,0.0,0.0,0,0,4.23,1.36,4,0,0,0,12,5
SLV,16,1,mesh,star,5,5,10.24,38.7,0.0,0.0,0,0,1.36,1.36,4,4,0,0,12,5
SLV,16,1,mesh,mesh,5,5,10.24,38.7,0.0,0.0,0,0,4.23,1.36,4,0,0,0,12,5
SLV,16,2,star,star,5,3,10.24,38.7,0.6,0.6,2,2,0.93,0.93,2,2,0,0,12,5
SLV,16,2,star,mesh,5,3,10.24,38.7,0.6,0.6,2,2,1.45,0.93,2,0,0,0,12,5
SLV,16,2,bus,star,5,3,10.24,38.7,0.6,0.6,2,2,0.93,0.93,2,2,0,0,12,5
SLV,16,2,bus,mesh,5,3,10.24,38.7,0.6,0.6,2,2,1.45,0.93,2,0,0,0,12,5
SLV,16,2,mesh,star,5,3,10.24,38.7,0.6,0.6,2,2,0.93,0.93,2,2,0,0,12,5
SLV,16,2,mesh,mesh,5,3,10.24,38.7,0.6,0.6,2,2,1.45,0.93,2,0,0,0,12,5
SLV,16,4,star,star,5,2,10.24,38.7,0.92,0.92,3,3,0.22,0.22,1,1,0,1,11,5
SLV,16,4,star,mesh,5,2,10.24,38.7,0.92,0.92,3,3,0.22,0.22,1,1,0,1,11,5
SLV,16,4,bus,star,5,2,10.24,38.7,1.11,1.9,3,2,0.22,0.22,1,1,0,1,11,5
SLV,16,4,bus,mesh,5,2,10.24,38.7,1.11,1.9,3,2,0.22,0.22,1,1,0,1,11,5
SLV,16,4,mesh,star,5,2,10.24,38.7,1.43,0.92,3,1,0.22,0.22,1,1,0,1,11,5
SLV,16,4,mesh,mesh,5,2,10.24,38.7,1.43,0.92,3,1,0.22,0.22,1,1,0,1,11,5
SLV,16,8,star,star,5,1,10.24,38.7,1.36,1.36,4,4,0.0,0.0,0,0,0,12,0,5
SLV,16,8,star,mesh,5,1,10.24,38.7,1.36,1.36,4,4,0.0,0.0,0,0,0,12,0,5
SLV,16,8,bus,star,5,1,10.24,38.7,1.58,6.33,4,1,0.0,0.0,0,0,0,12,0,5
SLV,16,8,bus,mesh,5,1,10.24,38.7,1.58,6.33,4,1,0.0,0.0,0,0,0,12,0,5
SLV,16,8,mesh,star,5,1,10.24,38.7,4.23,1.36,4,0,0.0,0.0,0,0,0,12,0,5
SLV,16,8,mesh,mesh,5,1,10.24,38.7,4.23,1.36,4,0,0.0,0.0,0,0,0,12,0,5
SLV,16,all,star,star,5,1,10.24,38.7,1.36,1.36,4,4,0.0,0.0,0,0,0,12,0,5
SLV,16,all,star,mesh,5,1,10.24,38.7,1.36,1.36,4,4,0.0,0.0,0,0,0,12,0,5
SLV,16,all,bus,star,5,1,10.24,38.7,1.58,6.33,4,1,0.0,0.0,0,0,0,12,0,5
SLV,16,all,bus,mesh,5,1,10.24,38.7,1.58,6.33,4,1,0.0,0.0,0,0,0,12,0,5
SLV,16,all,mesh,star,5,1,10.24,38.7,4.23,1.36,4,0,0.0,0.0,0,0,0,12,0,5
SLV,16,all,mesh,mesh,5,1,10.24,38.7,4.23,1.36,4,0,0.0,0.0,0,0,0,12,0,5
SLV,N,1,star,star,1,1,21.8,69.8,0.0,0.0,0,0,0.0,0.0,0,0,12,0,0,1
SLV,N,1,star,mesh,1,1,21.8,69.8,0.0,0.0,0,0,0.0,0.0,0,0,12,0,0,1
SLV,N,1,bus,star,1,1,21.8,69.8,0.0,0.0,0,0,0.0,0.0,0,0,12,0,0,1
SLV,N,1,bus,mesh,1,1,21.8,69.8,0.0,0.0,0,0,0.0,0.0,0,0,12,0,0,1
SLV,N,1,mesh,star,1,1,21.8,69.8,0.0,0.0,0,0,0.0,0.0,0,0,12,0,0,1
SLV,N,1,mesh,mesh,1,1,21.8,69.8,0.0,0.0,0,0,0.0,0.0,0,0,12,0,0,1
SLV,N,2,star,star,1,1,21.8,69.8,0.0,0.0,0,0,0.0,0.0,0,0,12,0,0,1
SLV,N,2,star,mesh,1,1,21.8,69.8,0.0,0.0,0,0,0.0,0.0,0,0,12,0,0,1
SLV,N,2,bus,star,1,1,21.8,69.8,0.0,0.0,0,0,0.0,0.0,0,0,12,0,0,1
SLV,N,2,bus,mesh,1,1,21.8,69.8,0.0,0.0,0,0,0.0,0.0,0,0,12,0,0,1
SLV,N,2,mesh,star,1,1,21.8,69.8,0.0,0.0,0,0,0.0,0.0,0,0,12,0,0,1
SLV,N,2,mesh,mesh,1,1,21.8,69.8,0.0,0.0,0,0,0.0,0.0,0,0,12,0,0,1
SLV,N,4,star,star,1,1,21.8,69.8,0.0,0.0,0,0,0.0,0.0,0,0,12,0,0,1
SLV,N,4,star,mesh,1,1,21.8,69.8,0.0,0.0,0,0,0.0,0.0,0,0,12,0,0,1
SLV,N,4,bus,star,1,1,21.8,69.8,0.0,0.0,0,0,0.0,0.0,0,0,12,0,0,1
SLV,N,4,bus,mesh,1,1,21.8,69.8,0.0,0.0,0,0,0.0,0.0,0,0,12,0,0,1
SLV,N,4,mesh,star,1,1,21.8,69.8,0.0,0.0,0,0,0.0,0.0,0,0,12,0,0,1
SLV,N,4,mesh,mesh,1,1,21.8,69.8,0.0,0.0,0,0,0.0,0.0,0,0,12,0,0,1
SLV,N,8,star,star,1,1,21.8,69.8,0.0,0.0,0,0,0.0,0.0,0,0,12,0,0,1
SLV,N,8,star,mesh,1,1,21.8,69.8,0.0,0.0,0,0,0.0,0.0,0,0,12,0,0,1
SLV,N,8,bus,star,1,1,21.8,69.8,0.0,0.0,0,0,0.0,0.0,0,0,12,0,0,1
SLV,N,8,bus,mesh,1,1,21.8,69.8,0.0,0.0,0,0,0.0,0.0,0,0,12,0,0,1
SLV,N,8,mesh,star,1,1,21.8,69.8,0.0,0.0,0,0,0.0,0.0,0,0,12,0,0,1
SLV,N,8,mesh,mesh,1,1,21.8,69.8,0.0,0.0,0,0,0.0,0.0,0,0,12,0,0,1
SLV,N,all,star,star,1,1,21.8,69.8,0.0,0.0,0,0,0.0,0.0,0,0,12,0,0,1
SLV,N,all,star,mesh,1,1,21.8,69.8,0.0,0.0,0,0,0.0,0.0,0,0,12,0,0,1
SLV,N,all,bus,star,1,1,21.8,69.8,0.0,0.0,0,0,0.0,0.0,0,0,12,0,0,1
SLV,N,all,bus,mesh,1,1,21.8,69.8,0.0,0.0,0,0,0.0,0.0,0,0,12,0,0,1
SLV,N,all,mesh,star,1,1,21.8,69.8,0.0,0.0,0,0,0.0,0.0,0,0,12,0,0,1
SLV,N,all,mesh,mesh,1,1,21.8,69.8,0.0,0.0,0,0,0.0,0.0,0,0,12,0,0,1
